<?xml version="1.0" encoding="UTF-8"?>
<build-type xmlns:xsi="http://www.w3.org/2001/XMLSchema-instance" uuid="03d28a62-70aa-4531-a56e-7c2ae1037ae8" xsi:noNamespaceSchemaLocation="https://www.jetbrains.com/teamcity/schemas/2021.1/project-config.xsd">
  <name>Trigger</name>
  <description />
  <settings>
    <options>
      <option name="checkoutMode" value="MANUAL" />
    </options>
    <parameters />
    <build-runners />
    <vcs-settings>
      <vcs-entry-ref root-id="RepoA" />
      <vcs-entry-ref root-id="RepoB" />
    </vcs-settings>
    <requirements />
    <build-triggers />
    <dependencies>
      <depend-on sourceBuildTypeId="SampleProject_E2e">
        <options>
          <option name="run-build-if-dependency-failed" value="RUN_ADD_PROBLEM" />
          <option name="take-started-build-with-same-revisions" value="true" />
          <option name="take-successful-builds-only" value="true" />
        </options>
      </depend-on>
    </dependencies>
    <cleanup />
  </settings>
</build-type>

