<?xml version="1.0" encoding="UTF-8"?>
<build-type xmlns:xsi="http://www.w3.org/2001/XMLSchema-instance" uuid="e34bdf89-009b-4961-af90-78da49f6bde2" xsi:noNamespaceSchemaLocation="https://www.jetbrains.com/teamcity/schemas/2021.1/project-config.xsd">
  <name>Build Repo A</name>
  <description />
  <settings>
    <parameters />
    <build-runners>
      <runner id="RUNNER_1" name="Build" type="DockerCommand">
        <parameters>
          <param name="command.args" value="--pull" />
          <param name="docker.command.type" value="build" />
          <param name="docker.push.remove.image" value="true" />
          <param name="dockerfile.path" value="Dockerfile" />
          <param name="dockerfile.source" value="PATH" />
          <param name="teamcity.step.mode" value="default" />
        </parameters>
      </runner>
    </build-runners>
    <vcs-settings>
      <vcs-entry-ref root-id="RepoA" />
    </vcs-settings>
    <requirements />
    <build-triggers />
    <cleanup />
  </settings>
</build-type>

