<?xml version="1.0" encoding="UTF-8"?>
<build-type xmlns:xsi="http://www.w3.org/2001/XMLSchema-instance" uuid="60597433-1ce9-4e01-80bd-deead6e63666" xsi:noNamespaceSchemaLocation="https://www.jetbrains.com/teamcity/schemas/2021.1/project-config.xsd">
  <name>E2E</name>
  <description />
  <settings>
    <parameters />
    <build-runners />
    <vcs-settings />
    <requirements />
    <build-triggers />
    <dependencies>
      <depend-on sourceBuildTypeId="SampleProject_Deploy">
        <options>
          <option name="run-build-if-dependency-failed" value="RUN_ADD_PROBLEM" />
          <option name="take-started-build-with-same-revisions" value="true" />
          <option name="take-successful-builds-only" value="true" />
        </options>
      </depend-on>
    </dependencies>
    <cleanup />
  </settings>
</build-type>

